MPASM  5.51                      FRQMETER.ASM   6-11-2026  14:37:29         PAGE  1


LOC  OBJECT CODE     LINE SOURCE TEXT
  VALUE

                      00001 ;**************************************************************************
                      00002 ; FILE:      frqmeter.asm                                                 *
                      00003 ; CONTENTS:  Digital frequency meter                                      *
                      00004 ; COPYRIGHT: MadLab Ltd. 1996-2005                                        *
                      00005 ; AUTHOR:    James Hutchby                                                *
                      00006 ; UPDATED:   10/07/05                                                     *
                      00007 ;**************************************************************************
                      00008 
                      00009      list p=16F628A
                      00010 
                      00011      include "p16f628a.inc"
                      00001         LIST
                      00002 
                      00003 ;==========================================================================
                      00004 ;  MPASM PIC16F628A processor include
                      00005 ; 
                      00006 ;  (c) Copyright 1999-2013 Microchip Technology, All rights reserved
                      00007 ;==========================================================================
                      00008 
                      00385         LIST
                      00012 
2007   1F46           00013      __config _HS_OSC & _WDT_ON & _PWRTE_ON & _BOREN_ON & _MCLRE_OFF & _LVP_OFF & _CP_ON
                      00014 
2000   000B 000A 0002 00015      __idlocs h'BA20'
       0000 
                      00016 
                      00017      errorlevel -207,-302,-305,-306
                      00018 
                      00019 
                      00020 ;**************************************************************************
                      00021 ;                                                                         *
                      00022 ; Summary                                                                 *
                      00023 ;                                                                         *
                      00024 ;**************************************************************************
                      00025 
                      00026 ; The following software functions as a frequency meter with an input signal
                      00027 ; range of 1Hz to ~ 8MHz and with an accuracy of +/- 1Hz. Supplementary pulse
                      00028 ; length and pulse count modes are also supported.
                      00029 
                      00030 ; In frequency mode, signal pulses are counted over a fixed time interval of
                      00031 ; 1/8 second or 1 second. High frequency pulses are counted over 1/8 s to make
                      00032 ; the meter more responsive with no loss of displayed accuracy.
                      00033 
                      00034 ; In pulse length mode, pulses are measured to a resolution of 1 microsecond.
                      00035 ; If this mode is selected and no pulses are present then it will lock out.
                      00036 
                      00037 ; All pulses are counted on the rising edge.
                      00038 
                      00039 ; The mode is selected by holding down the pushbutton for about a second.
                      00040 ; The modes are displayed ("FrE", "PulS", "Cntr") and cycled through.
                      00041 
                      00042 ; Pressing and immediately releasing the pushbutton clears the display and
                      00043 ; also resets the count in pulse count mode.
MPASM  5.51                      FRQMETER.ASM   6-11-2026  14:37:29         PAGE  2


LOC  OBJECT CODE     LINE SOURCE TEXT
  VALUE

                      00044 
                      00045 ; The display shows the signal frequency in kHz or pulse length in ms,
                      00046 ; according to the following table:
                      00047 
                      00048 ; ----------------------------------
                      00049 ; | Frequency | Pulse    | Display |
                      00050 ; ----------------------------------
                      00051 ; | < 1Hz     | < 1us    |       0 |
                      00052 ; | 1Hz       | 1us      |   0.001 |
                      00053 ; | 10Hz      | 10us     |   0.010 |
                      00054 ; | 100Hz     | 100us    |   0.100 |
                      00055 ; | 1.000kHz  | 1.000ms  |   1.000 |
                      00056 ; | 10.00kHz  | 10.00ms  |   10.00 |
                      00057 ; | 100.0kHz  | 100.0ms  |   100.0 |
                      00058 ; | 1.000MHz  | 1.000s   |   1000. |
                      00059 ; | > ~ 8MHz  | > ~ 8s   |       E |
                      00060 ; ----------------------------------
                      00061 
                      00062 ; Underflows (frequencies less than 1Hz or pulse lengths less than 1us) or no
                      00063 ; signal at all are displayed as a single zero, and overflows (frequencies
                      00064 ; greater than ~ 8MHz or pulse lengths greater than ~ 8s) are displayed as
                      00065 ; the letter 'E' (for error).
                      00066 
                      00067 ; In pulse count mode, if the count exceeds 9999 then it wraps and keeps
                      00068 ; counting but all the decimal points are set.
                      00069 
                      00070 
                      00071 ;**************************************************************************
                      00072 ;                                                                         *
                      00073 ; Port assignments                                                        *
                      00074 ;                                                                         *
                      00075 ;**************************************************************************
                      00076 
  000000F0            00077 PORTA_IO       equ  b'11110000'    ; port A I/O status
  00000000            00078 PORTB_IO       equ  b'00000000'    ; port B I/O status
  00000001            00079 PORTB_IN       equ  b'00000001'
                      00080 
  00000006            00081 LEDS_PORT      equ  PORTB          ; 7-segment LEDs port
  00000005            00082 ENABLE_PORT    equ  PORTA          ; display enable port (low 4 bits)
                      00083 
  00000001            00084 DISPLAY0       equ  1              ; display #0 bit (0 = on)
  00000000            00085 DISPLAY1       equ  0              ; display #1 bit (0 = on)
  00000003            00086 DISPLAY2       equ  3              ; display #2 bit (0 = on)
  00000002            00087 DISPLAY3       equ  2              ; display #3 bit (0 = on)
                      00088 
  00000000            00089 BUTTON         equ  0              ; pushbutton
                      00090 
                      00091 #define   RTCC      PORTA,4
                      00092 
                      00093 
                      00094 ;**************************************************************************
                      00095 ;                                                                         *
                      00096 ; Constants and timings                                                   *
MPASM  5.51                      FRQMETER.ASM   6-11-2026  14:37:29         PAGE  3


LOC  OBJECT CODE     LINE SOURCE TEXT
  VALUE

                      00097 ;                                                                         *
                      00098 ;**************************************************************************
                      00099 
                      00100 ; processor clock frequency in Hz
  01312D00            00101 CLOCK     equ  d'20000000'
                      00102 
                      00103 ; microseconds per timing loop
  00000014            00104 TIME      equ  d'20'
                      00105 
                      00106 ; clock cycles per timing loop
  00000190            00107 CYCLES    equ  TIME*CLOCK/d'1000000'
                      00108 
                      00109 ; pushbutton poll frequency in Hz
  00000032            00110 POLL      equ  d'50'
                      00111 
                      00112 
                      00113 ;**************************************************************************
                      00114 ;                                                                         *
                      00115 ; File register usage                                                     *
                      00116 ;                                                                         *
                      00117 ;**************************************************************************
                      00118 
                      00119      cblock h'20'
                      00120 
  00000020            00121      mode                     ; mode (0 = frequency, 1 = pulse, 2 = count)
  00000021            00122      wrapped                  ; non-zero if pulse count wrapped
                      00123 
  00000022            00124      tens_index               ; index into the powers-of-ten table
  00000023            00125      divi:3                   ; power of ten (24 bits)
                      00126 
  00000026            00127      TMR0_                    ; previous RTCC
                      00128 
  00000027            00129      counter:2                ; 16-bit counter (msb first)
  00000029            00130      delay                    ; delay loop counter
  0000002A            00131      repeat                   ; repeat counter
                      00132 
  0000002B            00133      reading:3                ; reading in binary (24 bits)
  0000002E            00134      digits:7                 ; reading as decimal digits (7 bytes)
  00000035            00135      pulses:2                 ; pulse count
                      00136 
  00000037            00137      disp_timer               ; display multiplexing timer (5 bits)
  00000038            00138      disp_mask                ; display multiplexing mask
                      00139 
  00000039            00140      char                     ; display character
  0000003A            00141      work                     ; temporary register
                      00142 
                      00143      endc
                      00144 
                      00145      cblock h'40'             ; 8-byte boundary (2 address bits + 1 guard bit)
                      00146 
  00000040            00147      displays:4               ; display data
                      00148 
                      00149      endc
MPASM  5.51                      FRQMETER.ASM   6-11-2026  14:37:29         PAGE  4


LOC  OBJECT CODE     LINE SOURCE TEXT
  VALUE

                      00150 
                      00151 
                      00152 ;**************************************************************************
                      00153 ;                                                                         *
                      00154 ; Macros                                                                  *
                      00155 ;                                                                         *
                      00156 ;**************************************************************************
                      00157 
                      00158 routine   macro label              ; routine
                      00159 label
                      00160           endm
                      00161 
                      00162 table     macro label              ; define lookup table
                      00163 label     addwf PCL
                      00164           endm
                      00165 
                      00166 entry     macro value              ; define table entry
                      00167           retlw value
                      00168           endm
                      00169 
                      00170 index     macro label              ; index lookup table
                      00171           call label
                      00172           endm
                      00173 
                      00174 jump      macro label              ; jump through table
                      00175           goto label
                      00176           endm
                      00177 
                      00178 tstw      macro                    ; test w register
                      00179           iorlw 0
                      00180           endm
                      00181 
                      00182 movff     macro f1,f2              ; move file to file
                      00183           movfw f1
                      00184           movwf f2
                      00185           endm
                      00186 
                      00187 movlf     macro n,f                ; move literal to file
                      00188           movlw n
                      00189           movwf f
                      00190           endm
                      00191 
                      00192 tris_A    macro                    ; tristate port A
                      00193           bsf STATUS,RP0
                      00194           movwf TRISA&h'7f'
                      00195           bcf STATUS,RP0
                      00196           endm
                      00197 
                      00198 tris_B    macro                    ; tristate port B
                      00199           bsf STATUS,RP0
                      00200           movwf TRISB&h'7f'
                      00201           bcf STATUS,RP0
                      00202           endm
MPASM  5.51                      FRQMETER.ASM   6-11-2026  14:37:29         PAGE  5


LOC  OBJECT CODE     LINE SOURCE TEXT
  VALUE

                      00203 
                      00204 option_   macro                    ; set options
                      00205           bsf STATUS,RP0
                      00206           movwf OPTION_REG&h'7f'
                      00207           bcf STATUS,RP0
                      00208           endm
                      00209 
                      00210 
                      00211 ;--------------------------------------------------------------------------
                      00212 ; add with carry - adds the w register and the carry flag to the file
                      00213 ; register f, returns the result in f with the carry flag set if overflow
                      00214 ;--------------------------------------------------------------------------
                      00215 
                      00216 addcwf    macro f
                      00217 
                      00218           local add1,add2
                      00219 
                      00220           bnc add1                      ; branch if no carry set
                      00221 
                      00222           addwf f                       ; add byte
                      00223 
                      00224           incf f                        ; add carry
                      00225           skpnz
                      00226           setc
                      00227 
                      00228           goto add2
                      00229 
                      00230 add1      addwf f                       ; add byte
                      00231 
                      00232 add2
                      00233           endm
                      00234 
                      00235 
                      00236 ;--------------------------------------------------------------------------
                      00237 ; subtract with no carry - subtracts the w register and the no carry flag
                      00238 ; from the file register f, returns the result in f with the no carry flag
                      00239 ; set if underflow
                      00240 ;--------------------------------------------------------------------------
                      00241 
                      00242 subncwf   macro f
                      00243 
                      00244           local sub1,sub2
                      00245 
                      00246           bc sub1                       ; branch if carry set
                      00247 
                      00248           subwf f                       ; subtract byte
                      00249 
                      00250           skpnz                         ; subtract no carry
                      00251           clrc
                      00252           decf f
                      00253 
                      00254           goto sub2
                      00255 
MPASM  5.51                      FRQMETER.ASM   6-11-2026  14:37:29         PAGE  6


LOC  OBJECT CODE     LINE SOURCE TEXT
  VALUE

                      00256 sub1      subwf f                       ; subtract byte
                      00257 
                      00258 sub2
                      00259           endm
                      00260 
                      00261 
                      00262 ;--------------------------------------------------------------------------
                      00263 ; 24-bit addition - adds the three bytes at op2 to the three bytes at
                      00264 ; op1 (most significant bytes first), returns the result in op1 with
                      00265 ; op2 unchanged and the carry flag set if overflow
                      00266 ;--------------------------------------------------------------------------
                      00267 
                      00268 add24     macro op1,op2                 ; op1 <= op1 + op2
                      00269 
                      00270           movfw op2+2                   ; add low byte
                      00271           addwf op1+2
                      00272 
                      00273           movfw op2+1                   ; add middle byte
                      00274           addcwf op1+1
                      00275 
                      00276           movfw op2+0                   ; add high byte
                      00277           addcwf op1+0
                      00278 
                      00279           endm
                      00280 
                      00281 
                      00282 ;--------------------------------------------------------------------------
                      00283 ; 24-bit subtraction - subtracts the three bytes at op2 from the three
                      00284 ; bytes at op1 (most significant bytes first), returns the result in op1
                      00285 ; with op2 unchanged and the no carry flag set if underflow
                      00286 ;--------------------------------------------------------------------------
                      00287 
                      00288 sub24     macro op1,op2                 ; op1 <= op1 - op2
                      00289 
                      00290           movfw op2+2                   ; subtract low byte
                      00291           subwf op1+2
                      00292 
                      00293           movfw op2+1                   ; subtract middle byte
                      00294           subncwf op1+1
                      00295 
                      00296           movfw op2+0                   ; subtract high byte
                      00297           subncwf op1+0
                      00298 
                      00299           endm
                      00300 
                      00301 
                      00302 ;--------------------------------------------------------------------------
                      00303 ; reset vector
                      00304 ;--------------------------------------------------------------------------
                      00305 
0000                  00306           org 0
                      00307 
0000   29D1           00308           goto main_entry
MPASM  5.51                      FRQMETER.ASM   6-11-2026  14:37:29         PAGE  7


LOC  OBJECT CODE     LINE SOURCE TEXT
  VALUE

                      00309 
                      00310 
                      00311 ;**************************************************************************
                      00312 ;                                                                         *
                      00313 ; Lookup tables                                                           *
                      00314 ;                                                                         *
                      00315 ;**************************************************************************
                      00316 
                      00317 ;--------------------------------------------------------------------------
                      00318 ; 7-segment LED data tables
                      00319 ;--------------------------------------------------------------------------
                      00320 
  0000000A            00321 BLANK     equ  d'10'               ; blank display
  0000000B            00322 ERR       equ  d'11'               ; indicates overflow
  0000000C            00323 TEST      equ  d'12'               ; power-on display test
                      00324 
  00000007            00325 DP0       equ  7                   ; display #0 decimal point bit
  00000001            00326 DP1       equ  1                   ; display #1 decimal point bit
  00000007            00327 DP2       equ  7                   ; display #2 decimal point bit
  00000001            00328 DP3       equ  1                   ; display #3 decimal point bit
                      00329 
                      00330 
                      00331           table LEDS0
0001   0782               M LEDS0     addwf PCL
                      00332 
                      00333 ; A = 3, B = 0, C = 6, D = 5, E = 4, F = 1, G = 2, DP = 7
                      00334 
                      00335           entry b'01111011'        ; ABCDEF. = '0'
0002   347B               M           retlw b'01111011'
                      00336           entry b'01000001'        ; .BC.... = '1'
0003   3441               M           retlw b'01000001'
                      00337           entry b'00111101'        ; AB.DE.G = '2'
0004   343D               M           retlw b'00111101'
                      00338           entry b'01101101'        ; ABCD..G = '3'
0005   346D               M           retlw b'01101101'
                      00339           entry b'01000111'        ; .BC..FG = '4'
0006   3447               M           retlw b'01000111'
                      00340           entry b'01101110'        ; A.CD.FG = '5'
0007   346E               M           retlw b'01101110'
                      00341           entry b'01110110'        ; ..CDEFG = '6'
0008   3476               M           retlw b'01110110'
                      00342           entry b'01001001'        ; ABC.... = '7'
0009   3449               M           retlw b'01001001'
                      00343           entry b'01111111'        ; ABCDEFG = '8'
000A   347F               M           retlw b'01111111'
                      00344           entry b'01001111'        ; ABC..FG = '9'
000B   344F               M           retlw b'01001111'
                      00345 
                      00346           entry b'00000000'        ; ....... = ' '
000C   3400               M           retlw b'00000000'
                      00347           entry b'00111110'        ; A..DEFG = 'E'
000D   343E               M           retlw b'00111110'
                      00348           entry b'11111111'        ; all segments on
MPASM  5.51                      FRQMETER.ASM   6-11-2026  14:37:29         PAGE  8


LOC  OBJECT CODE     LINE SOURCE TEXT
  VALUE

000E   34FF               M           retlw b'11111111'
                      00349 
                      00350 
                      00351           table LEDS1
000F   0782               M LEDS1     addwf PCL
                      00352 
                      00353 ; A = 3, B = 2, C = 4, D = 6, E = 7, F = 0, G = 5, DP = 1
                      00354 
                      00355           entry b'11011101'        ; ABCDEF. = '0'
0010   34DD               M           retlw b'11011101'
                      00356           entry b'00010100'        ; .BC.... = '1'
0011   3414               M           retlw b'00010100'
                      00357           entry b'11101100'        ; AB.DE.G = '2'
0012   34EC               M           retlw b'11101100'
                      00358           entry b'01111100'        ; ABCD..G = '3'
0013   347C               M           retlw b'01111100'
                      00359           entry b'00110101'        ; .BC..FG = '4'
0014   3435               M           retlw b'00110101'
                      00360           entry b'01111001'        ; A.CD.FG = '5'
0015   3479               M           retlw b'01111001'
                      00361           entry b'11110001'        ; ..CDEFG = '6'
0016   34F1               M           retlw b'11110001'
                      00362           entry b'00011100'        ; ABC.... = '7'
0017   341C               M           retlw b'00011100'
                      00363           entry b'11111101'        ; ABCDEFG = '8'
0018   34FD               M           retlw b'11111101'
                      00364           entry b'00111101'        ; ABC..FG = '9'
0019   343D               M           retlw b'00111101'
                      00365 
                      00366           entry b'00000000'        ; ....... = ' '
001A   3400               M           retlw b'00000000'
                      00367           entry b'11101001'        ; A..DEFG = 'E'
001B   34E9               M           retlw b'11101001'
                      00368           entry b'11111111'        ; all segments on
001C   34FF               M           retlw b'11111111'
                      00369 
                      00370 
                      00371           table LEDS2
001D   0782               M LEDS2     addwf PCL
                      00372 
                      00373 ; A = 3, B = 0, C = 6, D = 5, E = 4, F = 1, G = 2, DP = 7
                      00374 
                      00375           entry b'01111011'        ; ABCDEF. = '0'
001E   347B               M           retlw b'01111011'
                      00376           entry b'01000001'        ; .BC.... = '1'
001F   3441               M           retlw b'01000001'
                      00377           entry b'00111101'        ; AB.DE.G = '2'
0020   343D               M           retlw b'00111101'
                      00378           entry b'01101101'        ; ABCD..G = '3'
0021   346D               M           retlw b'01101101'
                      00379           entry b'01000111'        ; .BC..FG = '4'
0022   3447               M           retlw b'01000111'
                      00380           entry b'01101110'        ; A.CD.FG = '5'
MPASM  5.51                      FRQMETER.ASM   6-11-2026  14:37:29         PAGE  9


LOC  OBJECT CODE     LINE SOURCE TEXT
  VALUE

0023   346E               M           retlw b'01101110'
                      00381           entry b'01110110'        ; ..CDEFG = '6'
0024   3476               M           retlw b'01110110'
                      00382           entry b'01001001'        ; ABC.... = '7'
0025   3449               M           retlw b'01001001'
                      00383           entry b'01111111'        ; ABCDEFG = '8'
0026   347F               M           retlw b'01111111'
                      00384           entry b'01001111'        ; ABC..FG = '9'
0027   344F               M           retlw b'01001111'
                      00385 
                      00386           entry b'00000000'        ; ....... = ' '
0028   3400               M           retlw b'00000000'
                      00387           entry b'00111110'        ; A..DEFG = 'E'
0029   343E               M           retlw b'00111110'
                      00388           entry b'11111111'        ; all segments on
002A   34FF               M           retlw b'11111111'
                      00389 
                      00390 
                      00391           table LEDS3
002B   0782               M LEDS3     addwf PCL
                      00392 
                      00393 ; A = 3, B = 2, C = 4, D = 6, E = 7, F = 0, G = 5, DP = 1
                      00394 
                      00395           entry b'11011101'        ; ABCDEF. = '0'
002C   34DD               M           retlw b'11011101'
                      00396           entry b'00010100'        ; .BC.... = '1'
002D   3414               M           retlw b'00010100'
                      00397           entry b'11101100'        ; AB.DE.G = '2'
002E   34EC               M           retlw b'11101100'
                      00398           entry b'01111100'        ; ABCD..G = '3'
002F   347C               M           retlw b'01111100'
                      00399           entry b'00110101'        ; .BC..FG = '4'
0030   3435               M           retlw b'00110101'
                      00400           entry b'01111001'        ; A.CD.FG = '5'
0031   3479               M           retlw b'01111001'
                      00401           entry b'11110001'        ; ..CDEFG = '6'
0032   34F1               M           retlw b'11110001'
                      00402           entry b'00011100'        ; ABC.... = '7'
0033   341C               M           retlw b'00011100'
                      00403           entry b'11111101'        ; ABCDEFG = '8'
0034   34FD               M           retlw b'11111101'
                      00404           entry b'00111101'        ; ABC..FG = '9'
0035   343D               M           retlw b'00111101'
                      00405 
                      00406           entry b'00000000'        ; ....... = ' '
0036   3400               M           retlw b'00000000'
                      00407           entry b'11101001'        ; A..DEFG = 'E'
0037   34E9               M           retlw b'11101001'
                      00408           entry b'11111111'        ; all segments on
0038   34FF               M           retlw b'11111111'
                      00409 
                      00410 
                      00411 ;--------------------------------------------------------------------------
MPASM  5.51                      FRQMETER.ASM   6-11-2026  14:37:29         PAGE 10


LOC  OBJECT CODE     LINE SOURCE TEXT
  VALUE

                      00412 ; mode indicators
                      00413 ;--------------------------------------------------------------------------
                      00414 
                      00415           table modes
0039   0782               M modes     addwf PCL
                      00416 
                      00417 ; frequency
                      00418           entry b'00011110'        ; A...EFG = 'F'
003A   341E               M           retlw b'00011110'
                      00419           entry b'10100000'        ; ....E.G = 'r'
003B   34A0               M           retlw b'10100000'
                      00420           entry b'00111110'        ; A..DEFG = 'E'
003C   343E               M           retlw b'00111110'
                      00421           entry b'00000000'        ; ....... = ' '
003D   3400               M           retlw b'00000000'
                      00422 
                      00423 ; pulse
                      00424           entry b'00011111'        ; AB..EFG = 'P'
003E   341F               M           retlw b'00011111'
                      00425           entry b'11010000'        ; ..CDE.. = 'u'
003F   34D0               M           retlw b'11010000'
                      00426           entry b'00010010'        ; ....EF. = 'l'
0040   3412               M           retlw b'00010010'
                      00427           entry b'01111001'        ; A.CD.FG = 'S'
0041   3479               M           retlw b'01111001'
                      00428 
                      00429 ; count
                      00430           entry b'00111010'        ; A..DEF. = 'C'
0042   343A               M           retlw b'00111010'
                      00431           entry b'10110000'        ; ..C.E.G = 'n'
0043   34B0               M           retlw b'10110000'
                      00432           entry b'00110110'        ; ...DEFG = 't'
0044   3436               M           retlw b'00110110'
                      00433           entry b'10100000'        ; ....E.G = 'r'
0045   34A0               M           retlw b'10100000'
                      00434 
                      00435 
                      00436 ;--------------------------------------------------------------------------
                      00437 ; powers-of-ten table
                      00438 ;--------------------------------------------------------------------------
                      00439 
                      00440           table tens_table
0046   0782               M tens_table     addwf PCL
                      00441 
                      00442 power     macro value
                      00443 
                      00444           entry value>>d'16'            ; high byte
                      00445           entry (value>>8)&h'ff'        ; middle byte
                      00446           entry value&h'ff'             ; low byte
                      00447 
                      00448           endm
                      00449 
                      00450           power d'1000000'
MPASM  5.51                      FRQMETER.ASM   6-11-2026  14:37:29         PAGE 11


LOC  OBJECT CODE     LINE SOURCE TEXT
  VALUE

                          M 
                          M           entry d'1000000'>>d'16'       ; high byte
0047   340F               M           retlw d'1000000'>>d'16'
                          M           entry (d'1000000'>>8)&h'ff'   ; middle byte
0048   3442               M           retlw (d'1000000'>>8)&h'ff'
                          M           entry d'1000000'&h'ff'        ; low byte
0049   3440               M           retlw d'1000000'&h'ff'
                          M 
                      00451           power d'100000'
                          M 
                          M           entry d'100000'>>d'16'        ; high byte
004A   3401               M           retlw d'100000'>>d'16'
                          M           entry (d'100000'>>8)&h'ff'    ; middle byte
004B   3486               M           retlw (d'100000'>>8)&h'ff'
                          M           entry d'100000'&h'ff'         ; low byte
004C   34A0               M           retlw d'100000'&h'ff'
                          M 
                      00452           power d'10000'
                          M 
                          M           entry d'10000'>>d'16'         ; high byte
004D   3400               M           retlw d'10000'>>d'16'
                          M           entry (d'10000'>>8)&h'ff'     ; middle byte
004E   3427               M           retlw (d'10000'>>8)&h'ff'
                          M           entry d'10000'&h'ff'          ; low byte
004F   3410               M           retlw d'10000'&h'ff'
                          M 
                      00453           power d'1000'
                          M 
                          M           entry d'1000'>>d'16'          ; high byte
0050   3400               M           retlw d'1000'>>d'16'
                          M           entry (d'1000'>>8)&h'ff'      ; middle byte
0051   3403               M           retlw (d'1000'>>8)&h'ff'
                          M           entry d'1000'&h'ff'           ; low byte
0052   34E8               M           retlw d'1000'&h'ff'
                          M 
                      00454           power d'100'
                          M 
                          M           entry d'100'>>d'16'           ; high byte
0053   3400               M           retlw d'100'>>d'16'
                          M           entry (d'100'>>8)&h'ff'       ; middle byte
0054   3400               M           retlw (d'100'>>8)&h'ff'
                          M           entry d'100'&h'ff'            ; low byte
0055   3464               M           retlw d'100'&h'ff'
                          M 
                      00455           power d'10'
                          M 
                          M           entry d'10'>>d'16'            ; high byte
0056   3400               M           retlw d'10'>>d'16'
                          M           entry (d'10'>>8)&h'ff'        ; middle byte
0057   3400               M           retlw (d'10'>>8)&h'ff'
                          M           entry d'10'&h'ff'             ; low byte
0058   340A               M           retlw d'10'&h'ff'
                          M 
MPASM  5.51                      FRQMETER.ASM   6-11-2026  14:37:29         PAGE 12


LOC  OBJECT CODE     LINE SOURCE TEXT
  VALUE

                      00456           power d'1'
                          M 
                          M           entry d'1'>>d'16'             ; high byte
0059   3400               M           retlw d'1'>>d'16'
                          M           entry (d'1'>>8)&h'ff'         ; middle byte
005A   3400               M           retlw (d'1'>>8)&h'ff'
                          M           entry d'1'&h'ff'              ; low byte
005B   3401               M           retlw d'1'&h'ff'
                          M 
                      00457 
                      00458 
                      00459 ;**************************************************************************
                      00460 ;                                                                         *
                      00461 ; Procedures                                                              *
                      00462 ;                                                                         *
                      00463 ;**************************************************************************
                      00464 
                      00465 ;--------------------------------------------------------------------------
                      00466 ; polls the pushbutton, returns the carry flag set if pressed
                      00467 ;--------------------------------------------------------------------------
                      00468 
                      00469           routine poll_button
005C                      M poll_button
                      00470 
005C   0186           00471           clrf LEDS_PORT                ; displays off [4]
                      00472           movlf b'1111',ENABLE_PORT     ; [8]
005D   300F               M           movlw b'1111'
005E   0085               M           movwf ENABLE_PORT
                      00473 
005F   3001           00474           movlw PORTB_IN                ; [4]
                      00475           tris_B                        ; [12]
0060   1683               M           bsf STATUS,RP0
0061   0086               M           movwf TRISB&h'7f'
0062   1283               M           bcf STATUS,RP0
                      00476 
0063   1003           00477           clrc                          ; [4]
0064   1C06           00478           btfss LEDS_PORT,BUTTON        ; [8/4]
0065   1403           00479           setc                          ; [0/4]
                      00480 
0066   3000           00481           movlw PORTB_IO                ; [4]
                      00482           tris_B                        ; [12]
0067   1683               M           bsf STATUS,RP0
0068   0086               M           movwf TRISB&h'7f'
0069   1283               M           bcf STATUS,RP0
                      00483 
006A   0008           00484           return                        ; [8]
                      00485 
  00000040            00486 POLL_BUTTON    equ  d'64'               ; total clock cycles
                      00487 
                      00488 
                      00489 ;--------------------------------------------------------------------------
                      00490 ; converts a character into LEDs data for the 7-segment displays and
                      00491 ; shows the character, fed with the character in w
MPASM  5.51                      FRQMETER.ASM   6-11-2026  14:37:29         PAGE 13


LOC  OBJECT CODE     LINE SOURCE TEXT
  VALUE

                      00492 ;--------------------------------------------------------------------------
                      00493 
                      00494 conv_     macro LEDS,DP
                      00495           movwf char                    ; save decimal point bit (msb)
                      00496           andlw h'7f'                   ; mask bit
                      00497           index LEDS                    ; index LEDs table
                      00498           btfsc char,7
                      00499           iorlw 1<<DP                   ; include decimal point
                      00500           endm
                      00501 
                      00502           routine conv_char0            ; display #0
006B                      M conv_char0
                      00503           conv_ LEDS0,DP0
006B   00B9               M           movwf char                    ; save decimal point bit (msb)
006C   397F               M           andlw h'7f'                   ; mask bit
                          M           index LEDS0                   ; index LEDs table
006D   2001               M           call LEDS0
006E   1BB9               M           btfsc char,7
006F   3880               M           iorlw 1<<DP0                  ; include decimal point
                      00504           routine show_char0
0070                      M show_char0
0070   00C1           00505           movwf displays+DISPLAY0
0071   0008           00506           return
                      00507 
                      00508           routine conv_char1            ; display #1
0072                      M conv_char1
                      00509           conv_ LEDS1,DP1
0072   00B9               M           movwf char                    ; save decimal point bit (msb)
0073   397F               M           andlw h'7f'                   ; mask bit
                          M           index LEDS1                   ; index LEDs table
0074   200F               M           call LEDS1
0075   1BB9               M           btfsc char,7
0076   3802               M           iorlw 1<<DP1                  ; include decimal point
                      00510           routine show_char1
0077                      M show_char1
0077   00C0           00511           movwf displays+DISPLAY1
0078   0008           00512           return
                      00513 
                      00514           routine conv_char2            ; display #2
0079                      M conv_char2
                      00515           conv_ LEDS2,DP2
0079   00B9               M           movwf char                    ; save decimal point bit (msb)
007A   397F               M           andlw h'7f'                   ; mask bit
                          M           index LEDS2                   ; index LEDs table
007B   201D               M           call LEDS2
007C   1BB9               M           btfsc char,7
007D   3880               M           iorlw 1<<DP2                  ; include decimal point
                      00516           routine show_char2
007E                      M show_char2
007E   00C3           00517           movwf displays+DISPLAY2
007F   0008           00518           return
                      00519 
                      00520           routine conv_char3            ; display #3
MPASM  5.51                      FRQMETER.ASM   6-11-2026  14:37:29         PAGE 14


LOC  OBJECT CODE     LINE SOURCE TEXT
  VALUE

0080                      M conv_char3
                      00521           conv_ LEDS3,DP3
0080   00B9               M           movwf char                    ; save decimal point bit (msb)
0081   397F               M           andlw h'7f'                   ; mask bit
                          M           index LEDS3                   ; index LEDs table
0082   202B               M           call LEDS3
0083   1BB9               M           btfsc char,7
0084   3802               M           iorlw 1<<DP3                  ; include decimal point
                      00522           routine show_char3
0085                      M show_char3
0085   00C2           00523           movwf displays+DISPLAY3
0086   0008           00524           return
                      00525 
                      00526 
                      00527 ;--------------------------------------------------------------------------
                      00528 ; multiplexes the displays
                      00529 ;--------------------------------------------------------------------------
                      00530 
                      00531           routine mux_displays
0087                      M mux_displays
                      00532 
                      00533           movff 0,LEDS_PORT             ; set the LEDs [8]
0087   0800               M           movfw 0
0088   0086               M           movwf LEDS_PORT
                      00534           movff disp_mask,ENABLE_PORT   ; enable the display [8]
0089   0838               M           movfw disp_mask
008A   0085               M           movwf ENABLE_PORT
                      00535 
008B   0AB7           00536           incf disp_timer               ; increment display timer [4]
008C   0D38           00537           rlf disp_mask,w               ; [4]
008D   1AB7           00538           btfsc disp_timer,5            ; rotate display mask if [8/4]
008E   0DB8           00539           rlf disp_mask                 ; rolled over [0/4]
008F   1AB7           00540           btfsc disp_timer,5            ; advance display pointer [8/4]
0090   0A84           00541           incf FSR                      ; if rolled over [0/4]
0091   1104           00542           bcf FSR,2                     ; clear guard bit [4]
0092   12B7           00543           bcf disp_timer,5              ; [4]
                      00544 
0093   0008           00545           return                        ; [8]
                      00546 
  00000038            00547 MUX_DISPLAYS   equ  d'56'               ; total clock cycles
                      00548 
                      00549 
                      00550 ;--------------------------------------------------------------------------
                      00551 ; waits, fed with the number of loop iterations in 'counter'
                      00552 ;--------------------------------------------------------------------------
                      00553 
                      00554           routine wait
0094                      M wait
                      00555 
                      00556           movlf displays,FSR            ; initialise display pointer,
0094   3040               M           movlw displays
0095   0084               M           movwf FSR
                      00557           movlf b'11101110',disp_mask   ; mask and timer
MPASM  5.51                      FRQMETER.ASM   6-11-2026  14:37:29         PAGE 15


LOC  OBJECT CODE     LINE SOURCE TEXT
  VALUE

0096   30EE               M           movlw b'11101110'
0097   00B8               M           movwf disp_mask
0098   01B7           00558           clrf disp_timer
                      00559 
  00000124            00560 WAIT      set  CYCLES-d'16'-MUX_DISPLAYS-d'36'
                      00561 
0099   2087           00562 wait1     call mux_displays             ; multiplex the displays [8 + MUX_DISPLAYS]
                      00563 
                      00564           movlf (WAIT/d'12'),delay      ; delay loop [8]
009A   3018               M           movlw (WAIT/d'12')
009B   00A9               M           movwf delay
009C   0BA9           00565 wait2     decfsz delay                  ; [8/4]
009D   289C           00566           goto wait2                    ; [0/8]
009E   0064           00567           clrwdt                        ; [4/0]
                      00568 
  0004                00569           variable i = WAIT % d'12'
                      00570           while i > 0
009F   0000           00571           nop                           ; [4]
  00000000            00572           i -= d'4'
                      00573           endw
                      00574 
00A0   08A8           00575           tstf counter+1                ; decrement loop counter [4]
00A1   1903           00576           skpnz                         ; [8/4]
00A2   03A7           00577           decf counter+0                ; [0/4]
00A3   03A8           00578           decf counter+1                ; [4]
                      00579 
00A4   0827           00580           movfw counter+0               ; counter = 0 ? [4]
00A5   0428           00581           iorwf counter+1,w             ; [4]
00A6   1D03 2899      00582           bnz wait1                     ; loop if not [12]
                      00583 
00A8   0008           00584           return
                      00585 
                      00586 
                      00587 ;--------------------------------------------------------------------------
                      00588 ; counts pulses, fed with the number of loop iterations in 'counter',
                      00589 ; returns the number of pulses in 'reading'
                      00590 ;--------------------------------------------------------------------------
                      00591 
                      00592           routine count_pulses
00A9                      M count_pulses
                      00593 
                      00594           movlf displays,FSR            ; initialise display pointer,
00A9   3040               M           movlw displays
00AA   0084               M           movwf FSR
                      00595           movlf b'11101110',disp_mask   ; mask and timer
00AB   30EE               M           movlw b'11101110'
00AC   00B8               M           movwf disp_mask
00AD   01B7           00596           clrf disp_timer
                      00597 
00AE   01AB           00598           clrf reading+0                ; clear pulse counter
00AF   01AC           00599           clrf reading+1
00B0   01AD           00600           clrf reading+2
                      00601 
MPASM  5.51                      FRQMETER.ASM   6-11-2026  14:37:29         PAGE 16


LOC  OBJECT CODE     LINE SOURCE TEXT
  VALUE

00B1   01A6           00602           clrf TMR0_                    ; initialise RTCC
00B2   0181           00603           clrf TMR0
                      00604 
00B3   0000           00605           nop                           ; 2 instruction cycle delay
00B4   0000           00606           nop                           ; after writing to RTCC
                      00607 
                      00608 ; -- start of timing loop --
                      00609 
  0000009C            00610 WAIT      set  CYCLES-d'32'-POLL_BUTTON-MUX_DISPLAYS-d'92'
                      00611 
00B5   205C           00612 count1    call poll_button              ; poll pushbutton [8 + POLL_BUTTON]
00B6   1803 299D      00613           bc do_mode                    ; branch if pressed [8]
                      00614 
00B8   2087           00615           call mux_displays             ; multiplex the displays [8 + MUX_DISPLAYS]
                      00616 
                      00617           movlf (WAIT/d'12'),delay      ; delay loop [8]
00B9   300D               M           movlw (WAIT/d'12')
00BA   00A9               M           movwf delay
00BB   0BA9           00618 count2    decfsz delay                  ; [8/4]
00BC   28BB           00619           goto count2                   ; [0/8]
00BD   0064           00620           clrwdt                        ; [4/0]
                      00621 
  0000                00622           variable i = WAIT % d'12'
                      00623           while i > 0
                      00624           nop                           ; [4]
                      00625           i -= d'4'
                      00626           endw
                      00627 
                      00628           movff TMR0,reading+2          ; least significant byte of pulse counter [8]
00BE   0801               M           movfw TMR0
00BF   00AD               M           movwf reading+2
                      00629 
00C0   3001           00630           movlw 1                       ; determine if RTCC has rolled [4]
00C1   1FA6           00631           btfss TMR0_,7                 ; over (rolled over if msb was [8/4]
00C2   0103           00632           clrw                          ; previously set and now isn't) [0/4]
00C3   1BAD           00633           btfsc reading+2,7             ; [8/4]
00C4   0103           00634           clrw                          ; [0/4]
                      00635 
00C5   07AC           00636           addwf reading+1               ; increment high bytes of pulse [4]
00C6   1803           00637           skpnc                         ; counter if low byte rolled [8/4]
00C7   0AAB           00638           incf reading+0                ; over [0/4]
                      00639 
00C8   1BAB           00640           btfsc reading+0,7             ; overflow (frequency > 7fffffh) ? [8]
00C9   28DE           00641           goto count3                   ; branch if yes
                      00642 
                      00643           movff reading+2,TMR0_         ; save previous RTCC [8]
00CA   082D               M           movfw reading+2
00CB   00A6               M           movwf TMR0_
                      00644 
00CC   08A8           00645           tstf counter+1                ; decrement loop counter [4]
00CD   1903           00646           skpnz                         ; [8/4]
00CE   03A7           00647           decf counter+0                ; [0/4]
00CF   03A8           00648           decf counter+1                ; [4]
MPASM  5.51                      FRQMETER.ASM   6-11-2026  14:37:29         PAGE 17


LOC  OBJECT CODE     LINE SOURCE TEXT
  VALUE

                      00649 
00D0   0827           00650           movfw counter+0               ; counter = 0 ? [4]
00D1   0428           00651           iorwf counter+1,w             ; [4]
00D2   1D03 28B5      00652           bnz count1                    ; loop if not [12]
                      00653 
                      00654 ; -- end of timing loop --
                      00655 
                      00656           movff TMR0,reading+2          ; get final RTCC
00D4   0801               M           movfw TMR0
00D5   00AD               M           movwf reading+2
                      00657 
00D6   3001           00658           movlw 1                       ; determine if RTCC has rolled
00D7   1FA6           00659           btfss TMR0_,7                 ; over (rolled over if msb was
00D8   0103           00660           clrw                          ; previously set and now isn't)
00D9   1BAD           00661           btfsc reading+2,7
00DA   0103           00662           clrw
                      00663 
00DB   07AC           00664           addwf reading+1               ; increment high bytes of pulse
00DC   1803           00665           skpnc                         ; counter if low byte rolled
00DD   0AAB           00666           incf reading+0                ; over
                      00667 
00DE   0008           00668 count3    return
                      00669 
                      00670 
                      00671 ;--------------------------------------------------------------------------
                      00672 ; times a pulse, returns the pulse length in us in 'reading'
                      00673 ;--------------------------------------------------------------------------
                      00674 
                      00675           routine time_pulse
00DF                      M time_pulse
                      00676 
                      00677           movlf displays,FSR            ; initialise display pointer
00DF   3040               M           movlw displays
00E0   0084               M           movwf FSR
                      00678           movlf b'11101110',disp_mask   ; and mask
00E1   30EE               M           movlw b'11101110'
00E2   00B8               M           movwf disp_mask
                      00679 
00E3   30FF           00680           movlw -1                      ; initialise pulse timer
00E4   00AB           00681           movwf reading+0
00E5   00AC           00682           movwf reading+1
00E6   01AD           00683           clrf reading+2
                      00684 
00E7   1E05           00685 time1     btfss RTCC                    ; wait for previous pulse end
00E8   28FC           00686           goto time3
                      00687           movff 0,LEDS_PORT             ; set the LEDs
00E9   0800               M           movfw 0
00EA   0086               M           movwf LEDS_PORT
                      00688 
00EB   1E05           00689           btfss RTCC                    ; wait for previous pulse end
00EC   28FC           00690           goto time3
                      00691           movff disp_mask,ENABLE_PORT   ; enable the display
00ED   0838               M           movfw disp_mask
MPASM  5.51                      FRQMETER.ASM   6-11-2026  14:37:29         PAGE 18


LOC  OBJECT CODE     LINE SOURCE TEXT
  VALUE

00EE   0085               M           movwf ENABLE_PORT
                      00692 
00EF   1E05           00693           btfss RTCC                    ; wait for previous pulse end
00F0   28FC           00694           goto time3
00F1   0A84           00695           incf FSR                      ; advance display pointer
00F2   1104           00696           bcf FSR,2
00F3   0D38           00697           rlf disp_mask,w               ; rotate display mask
00F4   0DB8           00698           rlf disp_mask
                      00699 
00F5   01A7           00700           clrf counter
00F6   1E05           00701 time2     btfss RTCC                    ; wait for previous pulse end
00F7   28FC           00702           goto time3
00F8   0BA7           00703           decfsz counter
00F9   28F6           00704           goto time2
00FA   0064           00705           clrwdt
                      00706 
00FB   28E7           00707           goto time1
                      00708 
00FC   1A05           00709 time3     btfsc RTCC                    ; wait for pulse start
00FD   2911           00710           goto time5
                      00711           movff 0,LEDS_PORT             ; set the LEDs
00FE   0800               M           movfw 0
00FF   0086               M           movwf LEDS_PORT
                      00712 
0100   1A05           00713           btfsc RTCC                    ; wait for pulse start
0101   2911           00714           goto time5
                      00715           movff disp_mask,ENABLE_PORT   ; enable the display
0102   0838               M           movfw disp_mask
0103   0085               M           movwf ENABLE_PORT
                      00716 
0104   1A05           00717           btfsc RTCC                    ; wait for pulse start
0105   2911           00718           goto time5
0106   0A84           00719           incf FSR                      ; advance display pointer
0107   1104           00720           bcf FSR,2
0108   0D38           00721           rlf disp_mask,w               ; rotate display mask
0109   0DB8           00722           rlf disp_mask
                      00723 
010A   01A7           00724           clrf counter
010B   1A05           00725 time4     btfsc RTCC                    ; wait for pulse start
010C   2911           00726           goto time5
010D   0BA7           00727           decfsz counter
010E   290B           00728           goto time4
010F   0064           00729           clrwdt
                      00730 
0110   28FC           00731           goto time3
                      00732 
                      00733 ; 20 clock cycles (= 1us) between successive polls of RTCC
                      00734 
0111   1E05           00735 time5     btfss RTCC                    ; wait for pulse end [8]
0112   293B           00736           goto time8
0113   0AAC           00737           incf reading+1                ; increment timer high bytes [4]
0114   1903           00738           skpnz                         ; [8/4]
0115   0AAB           00739           incf reading+0                ; [0/4]
MPASM  5.51                      FRQMETER.ASM   6-11-2026  14:37:29         PAGE 19


LOC  OBJECT CODE     LINE SOURCE TEXT
  VALUE

                      00740 
0116   1E05           00741           btfss RTCC                    ; wait for pulse end [8]
0117   2939           00742           goto time7
0118   1BAB           00743           btfsc reading+0,7             ; timeout (pulse > 7fffffh) ? [8]
0119   293E           00744           goto time9                    ; branch if yes
011A   0AAD           00745           incf reading+2                ; increment timer low byte [4]
                      00746 
011B   1E05           00747           btfss RTCC                    ; wait for pulse end [8]
011C   2939           00748           goto time7
                      00749           movff 0,LEDS_PORT             ; set the LEDs [8]
011D   0800               M           movfw 0
011E   0086               M           movwf LEDS_PORT
011F   0AAD           00750           incf reading+2                ; increment timer low byte [4]
                      00751 
0120   1E05           00752           btfss RTCC                    ; wait for pulse end [8]
0121   2939           00753           goto time7
                      00754           movff disp_mask,ENABLE_PORT   ; enable the display [8]
0122   0838               M           movfw disp_mask
0123   0085               M           movwf ENABLE_PORT
0124   0AAD           00755           incf reading+2                ; increment timer low byte [4]
                      00756 
0125   1E05           00757           btfss RTCC                    ; wait for pulse end [8]
0126   2939           00758           goto time7
0127   0A84           00759           incf FSR                      ; advance display pointer [4]
0128   1104           00760           bcf FSR,2                     ; [4]
0129   0AAD           00761           incf reading+2                ; increment timer low byte [4]
                      00762 
012A   1E05           00763           btfss RTCC                    ; wait for pulse end [8]
012B   2939           00764           goto time7
012C   0D38           00765           rlf disp_mask,w               ; rotate display mask [4]
012D   0DB8           00766           rlf disp_mask                 ; [4]
012E   0AAD           00767           incf reading+2                ; increment timer low byte [4]
                      00768 
012F   1E05           00769           btfss RTCC                    ; wait for pulse end [8]
0130   2939           00770           goto time7
0131   0AAD           00771           incf reading+2                ; delayed increment [4]
0132   0AAD           00772           incf reading+2                ; increment timer low byte [4]
0133   0064           00773           clrwdt                        ; [4]
                      00774 
0134   1E05           00775 time6     btfss RTCC                    ; wait for pulse end [8]
0135   293E           00776           goto time9
0136   0FAD           00777           incfsz reading+2              ; increment timer low byte [8/4]
0137   2934           00778           goto time6                    ; [0/8]
                      00779 
0138   2911           00780           goto time5
                      00781 
0139   0AAD           00782 time7     incf reading+2                ; delayed increment
                      00783 
013A   293E           00784           goto time9
                      00785 
013B   0AAC           00786 time8     incf reading+1                ; increment timer high bytes
013C   1903           00787           skpnz
013D   0AAB           00788           incf reading+0
MPASM  5.51                      FRQMETER.ASM   6-11-2026  14:37:29         PAGE 20


LOC  OBJECT CODE     LINE SOURCE TEXT
  VALUE

                      00789 
013E   0186           00790 time9     clrf LEDS_PORT                ; blank displays
                      00791 
013F   0008           00792           return
                      00793 
                      00794 
                      00795 ;--------------------------------------------------------------------------
                      00796 ; converts the reading from 24-bit binary to decimal digits
                      00797 ;--------------------------------------------------------------------------
                      00798 
                      00799           routine convert_reading
0140                      M convert_reading
                      00800 
0140   01A2           00801           clrf tens_index               ; initialise the table index
                      00802 
                      00803           movlf digits,FSR              ; initialise the indirection register
0141   302E               M           movlw digits
0142   0084               M           movwf FSR
                      00804 
0143   0822           00805 conv1     movfw tens_index              ; fetch the next power of ten
                      00806           index tens_table              ; (24 bits) from the lookup table
0144   2046               M           call tens_table
0145   00A3           00807           movwf divi+0                  ; and store in divi
0146   0AA2           00808           incf tens_index
                      00809 
0147   0822           00810           movfw tens_index
                      00811           index tens_table
0148   2046               M           call tens_table
0149   00A4           00812           movwf divi+1
014A   0AA2           00813           incf tens_index
                      00814 
014B   0822           00815           movfw tens_index
                      00816           index tens_table
014C   2046               M           call tens_table
014D   00A5           00817           movwf divi+2
014E   0AA2           00818           incf tens_index
                      00819 
014F   0180           00820           clrf 0                        ; clear the decimal digit
                      00821 
0150   2251           00822 conv2     call pulse_counter            ; count pulses if count mode
                      00823 
                      00824           sub24 reading,divi            ; repeatedly subtract divi from
                          M 
0151   0825               M           movfw divi+2                  ; subtract low byte
0152   02AD               M           subwf reading+2
                          M 
0153   0824               M           movfw divi+1                  ; subtract middle byte
                          M           subncwf reading+1
                          M 
  0000                    M           local sub1,sub2
                          M 
0154   1803 295B          M           bc sub1                       ; branch if carry set
                          M 
MPASM  5.51                      FRQMETER.ASM   6-11-2026  14:37:29         PAGE 21


LOC  OBJECT CODE     LINE SOURCE TEXT
  VALUE

0156   02AC               M           subwf reading+1               ; subtract byte
                          M 
0157   1903               M           skpnz                         ; subtract no carry
0158   1003               M           clrc
0159   03AC               M           decf reading+1
                          M 
015A   295C               M           goto sub2
                          M 
015B   02AC               M sub1      subwf reading+1               ; subtract byte
                          M 
015C                      M sub2
                          M 
015C   0823               M           movfw divi+0                  ; subtract high byte
                          M           subncwf reading+0
                          M 
  0000                    M           local sub1,sub2
                          M 
015D   1803 2964          M           bc sub1                       ; branch if carry set
                          M 
015F   02AB               M           subwf reading+0               ; subtract byte
                          M 
0160   1903               M           skpnz                         ; subtract no carry
0161   1003               M           clrc
0162   03AB               M           decf reading+0
                          M 
0163   2965               M           goto sub2
                          M 
0164   02AB               M sub1      subwf reading+0               ; subtract byte
                          M 
0165                      M sub2
                          M 
0165   1C03 2969      00825           bnc conv3                     ; reading (24-bit subtraction) until
0167   0A80           00826           incf 0                        ; underflow while incrementing
0168   2950           00827           goto conv2                    ; the decimal digit
                      00828 
                      00829 conv3     add24 reading,divi            ; ready for next digit
                          M 
0169   0825               M           movfw divi+2                  ; add low byte
016A   07AD               M           addwf reading+2
                          M 
016B   0824               M           movfw divi+1                  ; add middle byte
                          M           addcwf reading+1
                          M 
  0000                    M           local add1,add2
                          M 
016C   1C03 2973          M           bnc add1                      ; branch if no carry set
                          M 
016E   07AC               M           addwf reading+1               ; add byte
                          M 
016F   0AAC               M           incf reading+1                ; add carry
0170   1903               M           skpnz
0171   1403               M           setc
                          M 
MPASM  5.51                      FRQMETER.ASM   6-11-2026  14:37:29         PAGE 22


LOC  OBJECT CODE     LINE SOURCE TEXT
  VALUE

0172   2974               M           goto add2
                          M 
0173   07AC               M add1      addwf reading+1               ; add byte
                          M 
0174                      M add2
                          M 
0174   0823               M           movfw divi+0                  ; add high byte
                          M           addcwf reading+0
                          M 
  0000                    M           local add1,add2
                          M 
0175   1C03 297C          M           bnc add1                      ; branch if no carry set
                          M 
0177   07AB               M           addwf reading+0               ; add byte
                          M 
0178   0AAB               M           incf reading+0                ; add carry
0179   1903               M           skpnz
017A   1403               M           setc
                          M 
017B   297D               M           goto add2
                          M 
017C   07AB               M add1      addwf reading+0               ; add byte
                          M 
017D                      M add2
                          M 
                      00830 
017D   0A84           00831           incf FSR                      ; step to next decimal digit
                      00832 
017E   3015           00833           movlw 7*3                     ; 7 x 3-byte entries in the table
017F   0222           00834           subwf tens_index,w
0180   1D03 2943      00835           bnz conv1                     ; loop until end of table
                      00836 
0182   0008           00837           return
                      00838 
                      00839 
                      00840 ;--------------------------------------------------------------------------
                      00841 ; displays the reading in decimal
                      00842 ;--------------------------------------------------------------------------
                      00843 
                      00844           routine display_reading
0183                      M display_reading
                      00845 
0183   17B1           00846           bsf digits+3,7                ; set the decimal point indicating
                      00847                                         ; the frequency in kHz or pulse in ms
                      00848 
                      00849 ; display the decimal digits according to the following rules:
                      00850 
                      00851 ; 000000A => "0.00A"
                      00852 ; 00000AB => "0.0AB"
                      00853 ; 0000ABC => "0.ABC"
                      00854 ; 000ABCD => "A.BCD"
                      00855 ; 00ABCDE => "AB.CD"
                      00856 ; 0ABCDEF => "ABC.D"
MPASM  5.51                      FRQMETER.ASM   6-11-2026  14:37:29         PAGE 23


LOC  OBJECT CODE     LINE SOURCE TEXT
  VALUE

                      00857 ; ABCDEFG => "ABCD."
                      00858 
                      00859           movlf digits,FSR              ; find the first significant
0184   302E               M           movlw digits
0185   0084               M           movwf FSR
0186   0880           00860           tstf 0                        ; digit by stepping over leading
0187   1D03 2991      00861           bnz disp1                     ; zeroes
0189   0A84           00862           incf FSR
018A   0880           00863           tstf 0
018B   1D03 2991      00864           bnz disp1
018D   0A84           00865           incf FSR
018E   0880           00866           tstf 0
018F   1903           00867           skpnz
0190   0A84           00868           incf FSR
                      00869 
0191   0800           00870 disp1     movfw 0                       ; convert the four digits to
0192   206B           00871           call conv_char0               ; LED display data
0193   0A84           00872           incf FSR
0194   0800           00873           movfw 0
0195   2072           00874           call conv_char1
0196   0A84           00875           incf FSR
0197   0800           00876           movfw 0
0198   2079           00877           call conv_char2
0199   0A84           00878           incf FSR
019A   0800           00879           movfw 0
019B   2080           00880           call conv_char3
                      00881 
019C   0008           00882           return
                      00883 
                      00884 
                      00885 ;--------------------------------------------------------------------------
                      00886 ; select mode
                      00887 ;--------------------------------------------------------------------------
                      00888 
                      00889           routine do_mode
019D                      M do_mode
                      00890 
019D   21BE           00891           call show_mode                ; show the current mode
                      00892 
                      00893           movlf POLL,repeat
019E   3032               M           movlw POLL
019F   00AA               M           movwf repeat
                      00894 
  000003E8            00895 ITERS     set  d'1000000'/(POLL*TIME)
                      00896 
                      00897 dom1      movlf high ITERS,counter+0    ; poll delay
01A0   3003               M           movlw high ITERS
01A1   00A7               M           movwf counter+0
                      00898           movlf low ITERS,counter+1
01A2   30E8               M           movlw low ITERS
01A3   00A8               M           movwf counter+1
01A4   2094           00899           call wait
                      00900 
MPASM  5.51                      FRQMETER.ASM   6-11-2026  14:37:29         PAGE 24


LOC  OBJECT CODE     LINE SOURCE TEXT
  VALUE

01A5   205C           00901           call poll_button              ; button released ?
01A6   1C03 29B0      00902           bnc dom2                      ; branch if yes
                      00903 
01A8   0BAA           00904           decfsz repeat                 ; button held down for 1s ?
01A9   29A0           00905           goto dom1                     ; loop if not
                      00906 
01AA   0AA0           00907           incf mode                     ; next mode
01AB   3003           00908           movlw 3
01AC   0220           00909           subwf mode,w
01AD   1903           00910           skpnz
01AE   01A0           00911           clrf mode
                      00912 
01AF   299D           00913           goto do_mode
                      00914 
  00002710            00915 ITERS     set  d'1000000'/(d'5'*TIME)
                      00916 
                      00917 dom2      movlf high ITERS,counter+0    ; short delay
01B0   3027               M           movlw high ITERS
01B1   00A7               M           movwf counter+0
                      00918           movlf low ITERS,counter+1
01B2   3010               M           movlw low ITERS
01B3   00A8               M           movwf counter+1
01B4   2094           00919           call wait
                      00920 
01B5   300A           00921           movlw BLANK                   ; blank the display
01B6   206B           00922           call conv_char0
01B7   300A           00923           movlw BLANK
01B8   2072           00924           call conv_char1
01B9   300A           00925           movlw BLANK
01BA   2079           00926           call conv_char2
01BB   300A           00927           movlw BLANK
01BC   2080           00928           call conv_char3
                      00929 
01BD   29F6           00930           goto main_loop
                      00931 
                      00932 
                      00933           routine show_mode
01BE                      M show_mode
                      00934 
01BE   0820           00935           movfw mode                    ; current mode
01BF   0720           00936           addwf mode,w
01C0   00BA           00937           movwf work
01C1   07BA           00938           addwf work                    ; * 4
                      00939 
01C2   083A           00940           movfw work                    ; show the mode
                      00941           index modes
01C3   2039               M           call modes
01C4   2070           00942           call show_char0
01C5   0ABA           00943           incf work
01C6   083A           00944           movfw work
                      00945           index modes
01C7   2039               M           call modes
01C8   2077           00946           call show_char1
MPASM  5.51                      FRQMETER.ASM   6-11-2026  14:37:29         PAGE 25


LOC  OBJECT CODE     LINE SOURCE TEXT
  VALUE

01C9   0ABA           00947           incf work
01CA   083A           00948           movfw work
                      00949           index modes
01CB   2039               M           call modes
01CC   207E           00950           call show_char2
01CD   0A3A           00951           incf work,w
                      00952           index modes
01CE   2039               M           call modes
01CF   2085           00953           call show_char3
                      00954 
01D0   0008           00955           return
                      00956 
                      00957 
                      00958 ;--------------------------------------------------------------------------
                      00959 ; main entry point
                      00960 ;--------------------------------------------------------------------------
                      00961 
                      00962           routine main_entry
01D1                      M main_entry
                      00963 
01D1   0185           00964           clrf PORTA                    ; initialise ports
01D2   30F0           00965           movlw PORTA_IO
                      00966           tris_A
01D3   1683               M           bsf STATUS,RP0
01D4   0085               M           movwf TRISA&h'7f'
01D5   1283               M           bcf STATUS,RP0
01D6   0186           00967           clrf PORTB
01D7   3000           00968           movlw PORTB_IO
                      00969           tris_B
01D8   1683               M           bsf STATUS,RP0
01D9   0086               M           movwf TRISB&h'7f'
01DA   1283               M           bcf STATUS,RP0
                      00970 
01DB   138B           00971           bcf INTCON,GIE                ; disable interrupts
                      00972 
                      00973           movlf h'07',CMCON             ; disable comparators
01DC   3007               M           movlw h'07'
01DD   009F               M           movwf CMCON
                      00974 
01DE   01A0           00975           clrf mode                     ; frequency mode
                      00976 
01DF   300C           00977           movlw TEST                    ; test all LED segments
01E0   206B           00978           call conv_char0
01E1   300C           00979           movlw TEST
01E2   2072           00980           call conv_char1
01E3   300C           00981           movlw TEST
01E4   2079           00982           call conv_char2
01E5   300C           00983           movlw TEST
01E6   2080           00984           call conv_char3
                      00985 
01E7   3007           00986           movlw b'00000111'             ; display the test pattern
                      00987           option_
01E8   1683               M           bsf STATUS,RP0
MPASM  5.51                      FRQMETER.ASM   6-11-2026  14:37:29         PAGE 26


LOC  OBJECT CODE     LINE SOURCE TEXT
  VALUE

01E9   0081               M           movwf OPTION_REG&h'7f'
01EA   1283               M           bcf STATUS,RP0
01EB   01A7           00988           clrf counter+0
01EC   01A8           00989           clrf counter+1
01ED   2094           00990           call wait
                      00991 
01EE   300A           00992           movlw BLANK                   ; blank the display
01EF   206B           00993           call conv_char0
01F0   300A           00994           movlw BLANK
01F1   2072           00995           call conv_char1
01F2   300A           00996           movlw BLANK
01F3   2079           00997           call conv_char2
01F4   300A           00998           movlw BLANK
01F5   2080           00999           call conv_char3
                      01000 
                      01001 
                      01002 ;--------------------------------------------------------------------------
                      01003 ; main loop
                      01004 ;--------------------------------------------------------------------------
                      01005 
                      01006           routine main_loop
01F6                      M main_loop
                      01007 
01F6   30F0           01008           movlw PORTA_IO                ; re-initialise ports
                      01009           tris_A
01F7   1683               M           bsf STATUS,RP0
01F8   0085               M           movwf TRISA&h'7f'
01F9   1283               M           bcf STATUS,RP0
01FA   3000           01010           movlw PORTB_IO
                      01011           tris_B
01FB   1683               M           bsf STATUS,RP0
01FC   0086               M           movwf TRISB&h'7f'
01FD   1283               M           bcf STATUS,RP0
                      01012 
01FE   138B           01013           bcf INTCON,GIE                ; disable interrupts
                      01014 
                      01015           movlf h'07',CMCON             ; disable comparators
01FF   3007               M           movlw h'07'
0200   009F               M           movwf CMCON
                      01016 
0201   08A0           01017           tstf mode                     ; frequency mode ?
0202   1903 2A08      01018           bz mode0                      ; branch if yes
0204   0320           01019           decf mode,w                   ; pulse mode ?
0205   1903 2A37      01020           bz mode1                      ; branch if yes
0207   2A6D           01021           goto mode2                    ; count mode
                      01022 
                      01023 
                      01024 ;--------------------------------------------------------------------------
                      01025 ; frequency mode
                      01026 ;--------------------------------------------------------------------------
                      01027 
                      01028           routine mode0
0208                      M mode0
MPASM  5.51                      FRQMETER.ASM   6-11-2026  14:37:29         PAGE 27


LOC  OBJECT CODE     LINE SOURCE TEXT
  VALUE

                      01029 
  0000C350            01030 ITERS     set  CLOCK/CYCLES             ; number of loop iterations
                      01031 
0208   0064           01032           clrwdt                        ; source - transition on RTCC pin
0209   3020           01033           movlw b'00100000'             ; edge - low-to-high transition
                      01034           option_                       ; prescaler - assigned to RTCC, 1:2
020A   1683               M           bsf STATUS,RP0
020B   0081               M           movwf OPTION_REG&h'7f'
020C   1283               M           bcf STATUS,RP0
                      01035 
                      01036           movlf high (ITERS/8),counter+0
020D   3018               M           movlw high (ITERS/8)
020E   00A7               M           movwf counter+0
                      01037           movlf low (ITERS/8),counter+1
020F   306A               M           movlw low (ITERS/8)
0210   00A8               M           movwf counter+1
                      01038 
0211   20A9           01039           call count_pulses             ; count pulses for 1/8 s
                      01040 
                      01041           movlf 4,repeat                ; multiply reading by 16 to adjust
0212   3004               M           movlw 4
0213   00AA               M           movwf repeat
0214   1003           01042 loop1     clrc                          ; for the prescaling (1:2) and
0215   0DAD           01043           rlf reading+2                 ; the timing period (1/8 s)
0216   0DAC           01044           rlf reading+1
0217   0DAB           01045           rlf reading+0
0218   0BAA           01046           decfsz repeat
0219   2A14           01047           goto loop1
                      01048 
021A   08AB           01049           tstf reading+0                ; no loss of displayed accuracy
021B   1D03 2A2D      01050           bnz loop2                     ; (4 significant digits) if the
021D   3027           01051           movlw high d'10000'           ; error is 1 part in 10000
021E   022C           01052           subwf reading+1,w
021F   1803 2A2D      01053           bc loop2                      ; branch if frequency > 10kHz
                      01054 
0221   0064           01055           clrwdt                        ; recommended when changing prescaler
0222   0181           01056           clrf TMR0                     ; assignment from RTCC to WDT
                      01057 
0223   302F           01058           movlw b'00101111'             ; source - transition on RTCC pin
                      01059           option_                       ; edge - low-to-high transition
0224   1683               M           bsf STATUS,RP0
0225   0081               M           movwf OPTION_REG&h'7f'
0226   1283               M           bcf STATUS,RP0
0227   0064           01060           clrwdt                        ; prescaler - not assigned to RTCC
                      01061 
                      01062           movlf high ITERS,counter+0
0228   30C3               M           movlw high ITERS
0229   00A7               M           movwf counter+0
                      01063           movlf low ITERS,counter+1
022A   3050               M           movlw low ITERS
022B   00A8               M           movwf counter+1
                      01064 
022C   20A9           01065           call count_pulses             ; count pulses for 1 s
MPASM  5.51                      FRQMETER.ASM   6-11-2026  14:37:29         PAGE 28


LOC  OBJECT CODE     LINE SOURCE TEXT
  VALUE

                      01066 
022D   082B           01067 loop2     movfw reading+0               ; underflow (reading = 0) ?
022E   042C           01068           iorwf reading+1,w
022F   042D           01069           iorwf reading+2,w
0230   1903 2AAE      01070           bz underflow                  ; branch if yes
                      01071 
0232   1BAB           01072           btfsc reading+0,7             ; overflow (reading > 7fffffh) ?
0233   2AB7           01073           goto overflow                 ; branch if yes
                      01074 
0234   2140           01075           call convert_reading          ; convert reading
                      01076 
0235   2183           01077           call display_reading          ; display reading
                      01078 
0236   2A08           01079           goto mode0                    ; loop
                      01080 
                      01081 
                      01082 ;--------------------------------------------------------------------------
                      01083 ; pulse length mode
                      01084 ;--------------------------------------------------------------------------
                      01085 
                      01086           routine mode1
0237                      M mode1
                      01087 
0237   205C           01088           call poll_button              ; poll pushbutton
0238   1803 299D      01089           bc do_mode                    ; branch if pressed
                      01090 
023A   0064           01091           clrwdt                        ; recommended when changing prescaler
023B   0181           01092           clrf TMR0                     ; assignment from RTCC to WDT
                      01093 
023C   300F           01094           movlw b'00001111'             ; assign prescaler to WDT
                      01095           option_
023D   1683               M           bsf STATUS,RP0
023E   0081               M           movwf OPTION_REG&h'7f'
023F   1283               M           bcf STATUS,RP0
0240   0064           01096           clrwdt
                      01097 
0241   20DF           01098           call time_pulse               ; time pulse
                      01099 
0242   082B           01100           movfw reading+0               ; underflow (reading = 0) ?
0243   042C           01101           iorwf reading+1,w
0244   042D           01102           iorwf reading+2,w
0245   1903 2AAE      01103           bz underflow                  ; branch if yes
                      01104 
0247   1BAB           01105           btfsc reading+0,7             ; overflow (reading > 7fffffh) ?
0248   2AB7           01106           goto overflow                 ; branch if yes
                      01107 
0249   2140           01108           call convert_reading          ; convert reading
                      01109 
024A   2183           01110           call display_reading          ; display reading
                      01111 
  00001388            01112 ITERS     set  d'1000000'/(d'10'*TIME)
                      01113 
                      01114           movlf high ITERS,counter+0    ; short delay
MPASM  5.51                      FRQMETER.ASM   6-11-2026  14:37:29         PAGE 29


LOC  OBJECT CODE     LINE SOURCE TEXT
  VALUE

024B   3013               M           movlw high ITERS
024C   00A7               M           movwf counter+0
                      01115           movlf low ITERS,counter+1
024D   3088               M           movlw low ITERS
024E   00A8               M           movwf counter+1
024F   2094           01116           call wait
                      01117 
0250   2A37           01118           goto mode1                    ; loop
                      01119 
                      01120 
                      01121 ;--------------------------------------------------------------------------
                      01122 ; pulse count mode
                      01123 ;--------------------------------------------------------------------------
                      01124 
                      01125           routine pulse_counter
0251                      M pulse_counter
                      01126 
0251   3002           01127           movlw 2                       ; count mode ?
0252   0220           01128           subwf mode,w
0253   1D03 2A6C      01129           bnz cnt2                      ; branch if not
                      01130 
                      01131           movff TMR0,work               ; capture RTCC
0255   0801               M           movfw TMR0
0256   00BA               M           movwf work
                      01132 
0257   0826           01133           movfw TMR0_                   ; change from previous value
0258   023A           01134           subwf work,w
                      01135 
0259   07B6           01136           addwf pulses+1                ; add to pulse counter
025A   1803           01137           skpnc
025B   0AB5           01138           incf pulses+0
                      01139 
025C   3027           01140           movlw high d'10000'           ; overflow (> 9999) ?
025D   0235           01141           subwf pulses+0,w
025E   3010           01142           movlw low d'10000'
025F   1903           01143           skpnz
0260   0236           01144           subwf pulses+1,w
0261   1C03 2A6A      01145           bnc cnt1                      ; branch if not
                      01146 
0263   3027           01147           movlw high d'10000'           ; subtract 10000
0264   02B5           01148           subwf pulses+0
0265   3010           01149           movlw low d'10000'
0266   02B6           01150           subwf pulses+1
0267   1C03           01151           skpc
0268   03B5           01152           decf pulses+0
                      01153 
0269   1421           01154           bsf wrapped,0                 ; signal wrapped
                      01155 
                      01156 cnt1      movff work,TMR0_
026A   083A               M           movfw work
026B   00A6               M           movwf TMR0_
                      01157 
026C   0008           01158 cnt2      return
MPASM  5.51                      FRQMETER.ASM   6-11-2026  14:37:29         PAGE 30


LOC  OBJECT CODE     LINE SOURCE TEXT
  VALUE

                      01159 
                      01160 
                      01161           routine mode2
026D                      M mode2
                      01162 
026D   0064           01163           clrwdt                        ; recommended when changing prescaler
026E   0181           01164           clrf TMR0                     ; assignment from RTCC to WDT
                      01165 
026F   302F           01166           movlw b'00101111'             ; source - transition on RTCC pin
                      01167           option_                       ; edge - low-to-high transition
0270   1683               M           bsf STATUS,RP0
0271   0081               M           movwf OPTION_REG&h'7f'
0272   1283               M           bcf STATUS,RP0
0273   0064           01168           clrwdt                        ; prescaler - not assigned to RTCC
                      01169 
0274   01B5           01170           clrf pulses+0                 ; clear pulse counter
0275   01B6           01171           clrf pulses+1
                      01172 
0276   01A1           01173           clrf wrapped                  ; not wrapped
                      01174 
0277   01A6           01175           clrf TMR0_                    ; initialise RTCC
0278   0181           01176           clrf TMR0
                      01177 
                      01178 loop3     movlf displays,FSR            ; initialise display pointer,
0279   3040               M           movlw displays
027A   0084               M           movwf FSR
                      01179           movlf b'11101110',disp_mask   ; mask and timer
027B   30EE               M           movlw b'11101110'
027C   00B8               M           movwf disp_mask
027D   01B7           01180           clrf disp_timer
                      01181 
  00001388            01182 ITERS     set  d'5000'
                      01183 
                      01184           movlf high ITERS,counter+0
027E   3013               M           movlw high ITERS
027F   00A7               M           movwf counter+0
                      01185           movlf low ITERS,counter+1
0280   3088               M           movlw low ITERS
0281   00A8               M           movwf counter+1
                      01186 
0282   0064           01187 loop4     clrwdt
                      01188 
0283   2251           01189           call pulse_counter            ; count pulses
                      01190 
0284   205C           01191           call poll_button              ; poll pushbutton
0285   1803 299D      01192           bc do_mode                    ; branch if pressed
                      01193 
0287   2251           01194           call pulse_counter            ; count pulses
                      01195 
0288   2087           01196           call mux_displays             ; multiplex the displays
                      01197 
0289   2251           01198           call pulse_counter            ; count pulses
                      01199 
MPASM  5.51                      FRQMETER.ASM   6-11-2026  14:37:29         PAGE 31


LOC  OBJECT CODE     LINE SOURCE TEXT
  VALUE

028A   08A8           01200           tstf counter+1                ; decrement loop counter
028B   1903           01201           skpnz
028C   03A7           01202           decf counter+0
028D   03A8           01203           decf counter+1
                      01204 
028E   0827           01205           movfw counter+0               ; counter = 0 ?
028F   0428           01206           iorwf counter+1,w
0290   1D03 2A82      01207           bnz loop4                     ; loop if not
                      01208 
0292   01AB           01209           clrf reading+0                ; snapshot of pulse counter
                      01210           movff pulses+0,reading+1
0293   0835               M           movfw pulses+0
0294   00AC               M           movwf reading+1
                      01211           movff pulses+1,reading+2
0295   0836               M           movfw pulses+1
0296   00AD               M           movwf reading+2
                      01212 
0297   2140           01213           call convert_reading          ; convert reading
                      01214 
0298   2251           01215           call pulse_counter            ; count pulses
                      01216 
0299   13B1           01217           bcf digits+3,7                ; all decimal points on if
029A   1821           01218           btfsc wrapped,0               ; pulse count wrapped
029B   17B1           01219           bsf digits+3,7
029C   13B2           01220           bcf digits+4,7
029D   1821           01221           btfsc wrapped,0
029E   17B2           01222           bsf digits+4,7
029F   13B3           01223           bcf digits+5,7
02A0   1821           01224           btfsc wrapped,0
02A1   17B3           01225           bsf digits+5,7
02A2   13B4           01226           bcf digits+6,7
02A3   1821           01227           btfsc wrapped,0
02A4   17B4           01228           bsf digits+6,7
                      01229 
02A5   0831           01230           movfw digits+3                ; convert the four digits to
02A6   206B           01231           call conv_char0               ; LED display data
02A7   0832           01232           movfw digits+4
02A8   2072           01233           call conv_char1
02A9   0833           01234           movfw digits+5
02AA   2079           01235           call conv_char2
02AB   0834           01236           movfw digits+6
02AC   2080           01237           call conv_char3
                      01238 
02AD   2A79           01239           goto loop3                    ; loop
                      01240 
                      01241 
                      01242 ;--------------------------------------------------------------------------
                      01243 ; underflow (frequency < 1Hz or pulse < 1us)
                      01244 ;--------------------------------------------------------------------------
                      01245 
                      01246           routine underflow
02AE                      M underflow
                      01247 
MPASM  5.51                      FRQMETER.ASM   6-11-2026  14:37:29         PAGE 32


LOC  OBJECT CODE     LINE SOURCE TEXT
  VALUE

02AE   300A           01248           movlw BLANK                   ; display underflow as "   0"
02AF   206B           01249           call conv_char0
02B0   300A           01250           movlw BLANK
02B1   2072           01251           call conv_char1
02B2   300A           01252           movlw BLANK
02B3   2079           01253           call conv_char2
02B4   3000           01254           movlw 0
02B5   2080           01255           call conv_char3
                      01256 
02B6   29F6           01257           goto main_loop
                      01258 
                      01259 
                      01260 ;--------------------------------------------------------------------------
                      01261 ; overflow (frequency > ~ 8MHz or pulse > ~ 8s)
                      01262 ;--------------------------------------------------------------------------
                      01263 
                      01264           routine overflow
02B7                      M overflow
                      01265 
02B7   300A           01266           movlw BLANK                   ; display overflow as "   E"
02B8   206B           01267           call conv_char0
02B9   300A           01268           movlw BLANK
02BA   2072           01269           call conv_char1
02BB   300A           01270           movlw BLANK
02BC   2079           01271           call conv_char2
02BD   300B           01272           movlw ERR
02BE   2080           01273           call conv_char3
                      01274 
02BF   29F6           01275           goto main_loop
                      01276 
                      01277 
                      01278           end
MPASM  5.51                      FRQMETER.ASM   6-11-2026  14:37:29         PAGE 33


SYMBOL TABLE
  LABEL                             VALUE 

ADDEN                             00000003
ADEN                              00000003
BLANK                             0000000A
BRGH                              00000002
BUTTON                            00000000
C                                 00000000
C1INV                             00000004
C1OUT                             00000006
C2INV                             00000005
C2OUT                             00000007
CCP1CON                           00000017
CCP1IE                            00000002
CCP1IF                            00000002
CCP1M0                            00000000
CCP1M1                            00000001
CCP1M2                            00000002
CCP1M3                            00000003
CCP1X                             00000005
CCP1Y                             00000004
CCPR1                             00000015
CCPR1H                            00000016
CCPR1L                            00000015
CIS                               00000003
CLOCK                             01312D00
CM0                               00000000
CM1                               00000001
CM2                               00000002
CMCON                             0000001F
CMIE                              00000006
CMIF                              00000006
CREN                              00000004
CSRC                              00000007
CYCLES                            00000190
DATA_CP_OFF                       00003FFF
DATA_CP_ON                        00003EFF
DC                                00000001
DISPLAY0                          00000001
DISPLAY1                          00000000
DISPLAY2                          00000003
DISPLAY3                          00000002
DP0                               00000007
DP1                               00000001
DP2                               00000007
DP3                               00000001
EEADR                             0000009B
EECON1                            0000009C
EECON2                            0000009D
EEDATA                            0000009A
EEIE                              00000007
EEIF                              00000007
ENABLE_PORT                       00000005
ERR                               0000000B
F                                 00000001
MPASM  5.51                      FRQMETER.ASM   6-11-2026  14:37:29         PAGE 34


SYMBOL TABLE
  LABEL                             VALUE 

FERR                              00000002
FSR                               00000004
GIE                               00000007
INDF                              00000000
INTCON                            0000000B
INTE                              00000004
INTEDG                            00000006
INTF                              00000001
IRP                               00000007
ITERS                             00001388
LEDS0                             00000001
LEDS1                             0000000F
LEDS2                             0000001D
LEDS3                             0000002B
LEDS_PORT                         00000006
MUX_DISPLAYS                      00000038
NOT_BO                            00000000
NOT_BOD                           00000000
NOT_BOR                           00000000
NOT_PD                            00000003
NOT_POR                           00000001
NOT_RBPU                          00000007
NOT_T1SYNC                        00000002
NOT_TO                            00000004
OERR                              00000001
OPTION_REG                        00000081
OSCF                              00000003
PCL                               00000002
PCLATH                            0000000A
PCON                              0000008E
PEIE                              00000006
PIE1                              0000008C
PIR1                              0000000C
POLL                              00000032
POLL_BUTTON                       00000040
PORTA                             00000005
PORTA_IO                          000000F0
PORTB                             00000006
PORTB_IN                          00000001
PORTB_IO                          00000000
PR2                               00000092
PS0                               00000000
PS1                               00000001
PS2                               00000002
PSA                               00000003
RA0                               00000000
RA1                               00000001
RA2                               00000002
RA3                               00000003
RA4                               00000004
RA5                               00000005
RA6                               00000006
RA7                               00000007
MPASM  5.51                      FRQMETER.ASM   6-11-2026  14:37:29         PAGE 35


SYMBOL TABLE
  LABEL                             VALUE 

RB0                               00000000
RB1                               00000001
RB2                               00000002
RB3                               00000003
RB4                               00000004
RB5                               00000005
RB6                               00000006
RB7                               00000007
RBIE                              00000003
RBIF                              00000000
RCIE                              00000005
RCIF                              00000005
RCREG                             0000001A
RCSTA                             00000018
RD                                00000000
RP0                               00000005
RP1                               00000006
RTCC                              PORTA,4
RX9                               00000006
RX9D                              00000000
SPBRG                             00000099
SPEN                              00000007
SREN                              00000005
STATUS                            00000003
SYNC                              00000004
T0CS                              00000005
T0IE                              00000005
T0IF                              00000002
T0SE                              00000004
T1CKPS0                           00000004
T1CKPS1                           00000005
T1CON                             00000010
T1OSCEN                           00000003
T2CKPS0                           00000000
T2CKPS1                           00000001
T2CON                             00000012
TEST                              0000000C
TIME                              00000014
TMR0                              00000001
TMR0IE                            00000005
TMR0IF                            00000002
TMR0_                             00000026
TMR1                              0000000E
TMR1CS                            00000001
TMR1H                             0000000F
TMR1IE                            00000000
TMR1IF                            00000000
TMR1L                             0000000E
TMR1ON                            00000000
TMR2                              00000011
TMR2IE                            00000001
TMR2IF                            00000001
TMR2ON                            00000002
MPASM  5.51                      FRQMETER.ASM   6-11-2026  14:37:29         PAGE 36


SYMBOL TABLE
  LABEL                             VALUE 

TOUTPS0                           00000003
TOUTPS1                           00000004
TOUTPS2                           00000005
TOUTPS3                           00000006
TRISA                             00000085
TRISA0                            00000000
TRISA1                            00000001
TRISA2                            00000002
TRISA3                            00000003
TRISA4                            00000004
TRISA5                            00000005
TRISA6                            00000006
TRISA7                            00000007
TRISB                             00000086
TRISB0                            00000000
TRISB1                            00000001
TRISB2                            00000002
TRISB3                            00000003
TRISB4                            00000004
TRISB5                            00000005
TRISB6                            00000006
TRISB7                            00000007
TRMT                              00000001
TX9                               00000006
TX9D                              00000000
TXEN                              00000005
TXIE                              00000004
TXIF                              00000004
TXREG                             00000019
TXSTA                             00000098
VR0                               00000000
VR1                               00000001
VR2                               00000002
VR3                               00000003
VRCON                             0000009F
VREN                              00000007
VROE                              00000006
VRR                               00000005
W                                 00000000
WAIT                              0000009C
WR                                00000001
WREN                              00000002
WRERR                             00000003
Z                                 00000002
_BODEN_OFF                        00003FBF
_BODEN_ON                         00003FFF
_BOREN_OFF                        00003FBF
_BOREN_ON                         00003FFF
_CONFIG                           00002007
_CPD_OFF                          00003FFF
_CPD_ON                           00003EFF
_CP_OFF                           00003FFF
_CP_ON                            00001FFF
MPASM  5.51                      FRQMETER.ASM   6-11-2026  14:37:29         PAGE 37


SYMBOL TABLE
  LABEL                             VALUE 

_DEVID1                           00002006
_ER_OSC_CLKOUT                    00003FFF
_ER_OSC_NOCLKOUT                  00003FFE
_EXTCLK_OSC                       00003FEF
_FOSC_ECIO                        00003FEF
_FOSC_EXTRCCLK                    00003FFF
_FOSC_EXTRCIO                     00003FFE
_FOSC_HS                          00003FEE
_FOSC_INTOSCCLK                   00003FFD
_FOSC_INTOSCIO                    00003FFC
_FOSC_LP                          00003FEC
_FOSC_XT                          00003FED
_HS_OSC                           00003FEE
_IDLOC0                           00002000
_IDLOC1                           00002001
_IDLOC2                           00002002
_IDLOC3                           00002003
_INTOSC_OSC_CLKOUT                00003FFD
_INTOSC_OSC_NOCLKOUT              00003FFC
_INTRC_OSC_CLKOUT                 00003FFD
_INTRC_OSC_NOCLKOUT               00003FFC
_LP_OSC                           00003FEC
_LVP_OFF                          00003F7F
_LVP_ON                           00003FFF
_MCLRE_OFF                        00003FDF
_MCLRE_ON                         00003FFF
_PWRTE_OFF                        00003FFF
_PWRTE_ON                         00003FF7
_RC_OSC_CLKOUT                    00003FFF
_RC_OSC_NOCLKOUT                  00003FFE
_WDTE_OFF                         00003FFB
_WDTE_ON                          00003FFF
_WDT_OFF                          00003FFB
_WDT_ON                           00003FFF
_XT_OSC                           00003FED
__16F628A                         00000001
__DEBUG                           1
add24                             
addcwf                            
char                              00000039
cnt1                              0000026A
cnt2                              0000026C
conv1                             00000143
conv2                             00000150
conv3                             00000169
conv_                             
conv_char0                        0000006B
conv_char1                        00000072
conv_char2                        00000079
conv_char3                        00000080
convert_reading                   00000140
count1                            000000B5
count2                            000000BB
MPASM  5.51                      FRQMETER.ASM   6-11-2026  14:37:29         PAGE 38


SYMBOL TABLE
  LABEL                             VALUE 

count3                            000000DE
count_pulses                      000000A9
counter                           00000027
delay                             00000029
digits                            0000002E
disp1                             00000191
disp_mask                         00000038
disp_timer                        00000037
display_reading                   00000183
displays                          00000040
divi                              00000023
do_mode                           0000019D
dom1                              000001A0
dom2                              000001B0
entry                             
i                                 00000000
index                             
jump                              
loop1                             00000214
loop2                             0000022D
loop3                             00000279
loop4                             00000282
main_entry                        000001D1
main_loop                         000001F6
mode                              00000020
mode0                             00000208
mode1                             00000237
mode2                             0000026D
modes                             00000039
movff                             
movlf                             
mux_displays                      00000087
option_                           
overflow                          000002B7
poll_button                       0000005C
power                             
pulse_counter                     00000251
pulses                            00000035
reading                           0000002B
repeat                            0000002A
routine                           
show_char0                        00000070
show_char1                        00000077
show_char2                        0000007E
show_char3                        00000085
show_mode                         000001BE
sub24                             
subncwf                           
table                             
tens_index                        00000022
tens_table                        00000046
time1                             000000E7
time2                             000000F6
MPASM  5.51                      FRQMETER.ASM   6-11-2026  14:37:29         PAGE 39


SYMBOL TABLE
  LABEL                             VALUE 

time3                             000000FC
time4                             0000010B
time5                             00000111
time6                             00000134
time7                             00000139
time8                             0000013B
time9                             0000013E
time_pulse                        000000DF
tris_A                            
tris_B                            
tstw                              
underflow                         000002AE
wait                              00000094
wait1                             00000099
wait2                             0000009C
work                              0000003A
wrapped                           00000021


MEMORY USAGE MAP ('X' = Used,  '-' = Unused)

0000 : XXXXXXXXXXXXXXXX XXXXXXXXXXXXXXXX XXXXXXXXXXXXXXXX XXXXXXXXXXXXXXXX
0040 : XXXXXXXXXXXXXXXX XXXXXXXXXXXXXXXX XXXXXXXXXXXXXXXX XXXXXXXXXXXXXXXX
0080 : XXXXXXXXXXXXXXXX XXXXXXXXXXXXXXXX XXXXXXXXXXXXXXXX XXXXXXXXXXXXXXXX
00C0 : XXXXXXXXXXXXXXXX XXXXXXXXXXXXXXXX XXXXXXXXXXXXXXXX XXXXXXXXXXXXXXXX
0100 : XXXXXXXXXXXXXXXX XXXXXXXXXXXXXXXX XXXXXXXXXXXXXXXX XXXXXXXXXXXXXXXX
0140 : XXXXXXXXXXXXXXXX XXXXXXXXXXXXXXXX XXXXXXXXXXXXXXXX XXXXXXXXXXXXXXXX
0180 : XXXXXXXXXXXXXXXX XXXXXXXXXXXXXXXX XXXXXXXXXXXXXXXX XXXXXXXXXXXXXXXX
01C0 : XXXXXXXXXXXXXXXX XXXXXXXXXXXXXXXX XXXXXXXXXXXXXXXX XXXXXXXXXXXXXXXX
0200 : XXXXXXXXXXXXXXXX XXXXXXXXXXXXXXXX XXXXXXXXXXXXXXXX XXXXXXXXXXXXXXXX
0240 : XXXXXXXXXXXXXXXX XXXXXXXXXXXXXXXX XXXXXXXXXXXXXXXX XXXXXXXXXXXXXXXX
0280 : XXXXXXXXXXXXXXXX XXXXXXXXXXXXXXXX XXXXXXXXXXXXXXXX XXXXXXXXXXXXXXXX
2000 : XXXX---X-------- ---------------- ---------------- ----------------

All other memory blocks unused.

Program Memory Words Used:   704
Program Memory Words Free:  1344


Errors   :     0
Warnings :     0 reported,     1 suppressed
Messages :     0 reported,    81 suppressed

